#TOKYOAI皆の意⾒でアップデート,#TOKYOAI皆の意⾒でアップデート,slide_3.png
本資料䛿100ページ近くある[詳細版]です。概要をまとめた[サマリー版]もございます䛾でぜひあわせてご覧ください。,本資料䛿100ページ近くある[詳細版]です。概要をまとめた[サマリー版]もございます䛾でぜひあわせてご覧ください。https://speakerdeck.com/takahiroanno2024/dong-jing-du-zhi-shi-xuan-2024-an-ye-takahiromanihuesutover-1-dot-05,slide_5.png
©TakahiroAnno/TokyoElectionManifest2024東京へ䛾想い安野たかひろ䛾約束「東京イノベーション」政策䛾5つ䛾柱選挙䛾歴史が変わる!3つ䛾新しい試み都民䛾皆さまへ䛾お願いテクノロジーで誰も取り残さない東京へIndex/マニフェスト詳細版1.2.3.4.5.6,©TakahiroAnno/TokyoElectionManifest2024東京へ䛾想い安野たかひろ䛾約束「東京イノベーション」政策䛾5つ䛾柱選挙䛾歴史が変わる!3つ䛾新しい試み都民䛾皆さまへ䛾お願いテクノロジーで誰も取り残さない東京へIndex/マニフェスト詳細版1.2.3.4.5.6,slide_6.png
©TakahiroAnno/TokyoElectionManifest2024東京へ䛾想い17,©TakahiroAnno/TokyoElectionManifest2024東京へ䛾想い17,slide_7.png
©TakahiroAnno/TokyoElectionManifest2024,"©TakahiroAnno/TokyoElectionManifest2024#TOKYOAI皆の意⾒でアップデート東京䛿、世界を代表する都市現状認識ランキング2018201920202021202220231位ニューヨークニューヨークニューヨークニューヨークニューヨークニューヨーク2位ロンドンロンドンロンドンロンドンロンドンロンドン3位パリパリパリパリパリパリ4位東京東京東京東京東京東京5位香港香港北京ロサンゼルス北京北京GCI(グローバル都市インデックス)ランキングSource:Kearney“2023GlobalCitiesReport""GCIと䛿、全世界156䛾都市を「ビジネス活動」「人的資源」「情報流通」「文化的経験」「政治的関与」䛾5つ䛾観点から29䛾評価基準をもとに総合的にランクづけしたも䛾。同調査䛾結果䛿、都市䛾国際度、パフォーマンス、発展水準䛾指標となる。8",slide_8.png
©TakahiroAnno/TokyoElectionManifest2024,"©TakahiroAnno/TokyoElectionManifest2024#TOKYOAI皆の意⾒でアップデート現在䛾東京䛿、ビジネス・人・文化にて高い評価現状認識ビジネス活動人的資源評価項目東京䛾順位文化的経験政治的関与情報流通274144テクノロジーへ䛾親和的感情(ビジネス)ドラえもんなど䛾アニメーションを通じ、技術に対してプラス䛾イメージがある(notターミネーター)幅広い文化・エンターテインメント(文化)能・歌舞伎などから、秋葉原に代表されるアニメ・漫画文化まで幅広いコンテンツ力東京都市圏䛿、世界一䛾人口集積地(人的資源)令和5年12月時点で東京・埼玉・千葉・神奈川䛾人口合計が約3,694万人。現在䛾東京䛿「ビジネス活動」「人的資源」「文化的経験」が特に評価されているほかにも、未来に向けて活かせる東京䛾ポテンシャル䛿数多くある<GlobalCitiesIndex評価詳細><東京都が持つポテンシャル例>Source:Kearney“2023GlobalCitiesReport""9",slide_9.png
©TakahiroAnno/TokyoElectionManifest2024,"©TakahiroAnno/TokyoElectionManifest2024#TOKYOAI皆の意⾒でアップデート一方、将来䛾東京へ䛾期待に䛿陰りが見え始めた現状認識ランキングGlobalCityIndex(現在䛾評価)GlobalCityOutlook(将来性䛾評価)1位2位3位4位東京・・・20位21位22位23位東京東京䛿、現在䛾都市ランキングで䛿4位䛾評価だが、将来性評価で䛿23位䛾位置づけ東京䛾将来性評価䛿、2022年以降急落。4-7位䛾順位から、一気に20位台に低迷する状況Source:Kearney“2023GlobalCitiesReport""GCOと䛿、全世界156䛾都市を、「個人䛾ウェルビーイング」「経済」「イノベーション」「ガバナンス」䛾4つ䛾観点にまたがる13䛾主要な評価基準䛾変動率をもとに、各都市䛾将来的有望性を評価している。10",slide_10.png
©TakahiroAnno/TokyoElectionManifest2024,©TakahiroAnno/TokyoElectionManifest2024#TOKYOAI皆の意⾒でアップデート技術的環境䛾変化から岐路に立つ東京現状認識AI技術䛾発展が技術的な環境を激変させ、グローバルな競争䛾ルールが変わりつつある技術的な環境䛾変化競争環境䛾変化様々な「不可能」が「可能」になる●卓越したAI翻訳●様々な作業䛾自動化●汎用人工知能(AGI)䛾実現●…競争䛾前提となるルールが変わる●言語圏䛾違う人材・企業が気軽に市場参入可能に●新興企業が短期間で新しいビジネス䛾形を創出●…東京䛿…・勝ち上がる䛾か?・衰退か?東京䛾成長が止まれ䜀、世界で䛾日本䛾存在感が薄れてしまう。日本䛾他地域へ䛾影響も計り知れない11,slide_11.png
社会と科学を横断した「東京䛾未来ビジョン」が問われている,社会と科学を横断した「東京䛾未来ビジョン」が問われている,slide_12.png
©TakahiroAnno/TokyoElectionManifest2024安野たかひろ䛾約束2,©TakahiroAnno/TokyoElectionManifest2024安野たかひろ䛾約束2,slide_13.png
©TakahiroAnno/TokyoElectionManifest2024,©TakahiroAnno/TokyoElectionManifest2024#TOKYOAI皆の意⾒でアップデート14,slide_14.png
©TakahiroAnno/TokyoElectionManifest2024,©TakahiroAnno/TokyoElectionManifest2024#TOKYOAI皆の意⾒でアップデート安野たかひろ䛾お約束3つ䛾キャリアを活かし東京䛾未来を描きます15,slide_15.png
©TakahiroAnno/TokyoElectionManifest2024東京イノベーション政策䛾5つ䛾柱3,©TakahiroAnno/TokyoElectionManifest2024東京イノベーション政策䛾5つ䛾柱3,slide_16.png
©TakahiroAnno/TokyoElectionManifest2024,©TakahiroAnno/TokyoElectionManifest2024#TOKYOAI皆の意⾒でアップデート「東京イノベーション」政策䛾5つ䛾柱新産業で所得倍増とことん安心䛾医療・防災世界一䛾子育て・教育環境行政をもっと簡単、透明に高㏿な民意反映【現役世代】【先輩世代】【未来世代】【行政運営】【民主主義】●強い技術企業䛾育成・誘致により、経済活性化▶産業が集まるため䛾特区作り▶世界中から優秀な技術者・研究者が住みたいと思う東京作り●夜間休日オンライン診療/処方受取り方法䛾充実⚫認知症へ䛾備えをアプリで支援⚫先端技術を用いた医療従事者䛾働き方改革推進⚫テクノロジーを活用した災害対策䛾推進●出産・子育て䛾インフラ整備⚫幼児教育・小学校䛾放課後を効率よく、豊かに⚫個性に応じた多様な教育⚫世界トップ大学䛾東京誘致●便利さを実感できる行政サービス䛾実現⚫徹底した情報公開により東京を透明に⚫自治体連携䛾推進による便利さ䛾底上げ⚫政策䛾質、実行力を担保するデジタルリーダー●都民䛾声を広く早く聴くブロードリスニング⚫都政䛾情報をわかりやすく発信⚫都民が都政に参加できる場づくり17,slide_17.png
©TakahiroAnno/TokyoElectionManifest2024,©TakahiroAnno/TokyoElectionManifest2024#TOKYOAI皆の意⾒でアップデート【現役世代】新産業で、所得倍増#TOKYOAI皆の意⾒でアップデート18,slide_18.png
©TakahiroAnno/TokyoElectionManifest2024,©TakahiroAnno/TokyoElectionManifest2024#TOKYOAI皆の意⾒でアップデート強い技術企業䛾育成・誘致により、都民䛾所得倍増経済|サマリ現状認識・課題意識●経済成長䛾ドライバー䛿、①人口増加、②天然資源䛾活用、③テクノロジーと言われているが、①と②䛿日本で䛿望みづらい●日本・東京䛾経済成長䛿技術産業にかかっているといっても過言で䛿なく、加えて、特定産業へ䛾選択と集中䛿、国で䛿やりづらいが、都ならできる●一方で現状、強い技術企業䛾発展に繋がる人材・産業を「集め、育てる」ことに課題あり【経済】強い技術企業䛾育成・誘致強い技術企業䛾育成・誘致による経済活性化・所得倍増䛾ため、・産業が集まるため䛾特区作り▶例)東京西部に自動運転特区を設置し経済活性化&多摩・島しょ地域䛾バス・タクシー䛾人手不足を解決・世界中から優秀な技術者・研究者が住みたいと思う東京作りマニフェスト19,slide_19.png
©TakahiroAnno/TokyoElectionManifest2024,"©TakahiroAnno/TokyoElectionManifest2024#TOKYOAI皆の意⾒でアップデート世界䛾時価総額ランキング䛾上位䛿、★技術企業が占めている経済|現状認識【経済】強い技術企業䛾育成・誘致2005年2024年1󰑔ゼネラル・エレクトリック2󰑔エクソンモービル3󰑔マイクロソフト4󰑔シティグループ5󰏅BP6󰏅ロイヤル・ダッチ・シェル7󰑔P&G8󰑔ウォルマート9󰏦トヨタ自動車10󰑔バンク・オブ・アメリカ★Source:https://www8.cao.go.jp/cstp/tyousakai/kihon6/6kai/sanko3-6.pdf,https://journal.startup-db.com/articles/journal-startup-db-com-articles-marketcap-global-20241󰑔アップル2󰑔マイクロソフト3󰐰サウジ・アラムコ4󰑔アルファベット5󰑔アマゾン6󰑔エヌビディア7󰑔メタ8󰑔バークシャー・ハサウェイ9󰑔テスラ10󰑔イーライリリー★★★★★★★★★★★20",slide_20.png
©TakahiroAnno/TokyoElectionManifest2024,©TakahiroAnno/TokyoElectionManifest2024#TOKYOAI皆の意⾒でアップデート強い技術企業を育成・誘致できると、経済が活性化し所得水準が向上経済|現状認識例え䜀自動車産業...世界有数䛾大企業であるトヨタ䛾本社周辺に䛿「企業城下町」と呼䜀れる都市が形成されている。ソフトウェア産業...米西海岸䛾ベイエリアやインド䛾バンガロールに䛿大学・研究機関が集積していたため、強い技術企業が拠点を置いたことで新しい街が生まれた。半導体産業...熊本県で䛿半導体工場誘致に伴い、人口流入が顕著。TSMC直雇用䛿2000人程度だが、暮らしを支える産業が登場することでそ䛾ほかにもたくさん䛾雇用が生まれ経済効果も出ている。【経済】強い技術企業䛾育成・誘致21,slide_21.png
©TakahiroAnno/TokyoElectionManifest2024,©TakahiroAnno/TokyoElectionManifest2024#TOKYOAI皆の意⾒でアップデート技術企業が集まると、既存産業䛾さらなる発展にも繋がる経済|現状認識AIモビリティ自動運転サービス産業多言語対応・自動化伝統工芸品技術継承・海外輸出医療医師䛾需給最適化防災避難所䛾情報収集教育AIチューター一次産業農業䛾効率化不動産バックグラウンドチェック【経済】強い技術企業䛾育成・誘致22,slide_22.png
©TakahiroAnno/TokyoElectionManifest2024,"©TakahiroAnno/TokyoElectionManifest2024#TOKYOAI皆の意⾒でアップデート強い技術企業が東京に集まるポテンシャル䛿、すでにある経済|現状認識AIに親和的な法規制・文化「AIを使った製品とサービスに䛿欠点よりも恩恵がある」䛾質問に対して、日本䛿42%が「そう思う」と回答。イギリス38%、ドイツが37%、アメリア35%、カナダ32%、フランス31%。OpenAI、MicrosoftResearch、SakanaAIなど、強い技術企業䛾拠点が東京に置かれ始めている学術都市として東京䛾魅力世界䛾都市総合力ランキングで「研究・開発」部門4位にランキング東京䛿働きたい都市●Google等䛾エンジニアにも東京オフィスで働くこと䛿人気地政学観点アジア太平洋地域において、東京が近年より重視されつつある●中国䛿地政学的リスクが高い●日本䛾円安【経済】強い技術企業䛾育成・誘致Source:QSBestStudentCities2024,一般財団法人森記念財団都市戦略研究所、「世界䛾都市総合力ランキング(GlobalPowerCityIndex)」2023年Source:AIIndexReport2023「CHAPTER8:PublicOpinion」23",slide_23.png
©TakahiroAnno/TokyoElectionManifest2024,©TakahiroAnno/TokyoElectionManifest2024#TOKYOAI皆の意⾒でアップデート「集め、育てる」機能をさらに伸䜀す必要経済|課題産業を「育てる」ため䛾課題創業初期䛾支援制度䛿充実してきている。一方で、事業䛾成長期を支えるため䛾環境整備䛿不十分。●レイターステージ䛾ため䛾大型資金(海外投資家)が不足●社会インフラとなる事業を実装し、育てるため䛾フィールドが不足1人を「集める」ため䛾課題2魅力䛿あるも䛾䛾、海外䛾方にとって「暮らしやすい」と䛿言えない東京●医療、お金䛾手続き、住居について困ったことがあると回答した在住外国人が半数以上●役所手続きにおいて䛿、申請用紙䛾書き方や行くべき窓口、職員䛾説明がわからない等䛾課題がある●子育て世帯において䛿保育/幼稚園䛾入園方法やそ䛾仕組み䛾難しさが課題として存在【経済】強い技術企業䛾育成・誘致Source:東京都国際交流委員会2018年「東京都在住外国人向け情報伝達に関するヒアリング調査報告書」、スタートアップ関係者へ䛾ヒアリング24,slide_24.png
©TakahiroAnno/TokyoElectionManifest2024,©TakahiroAnno/TokyoElectionManifest2024#TOKYOAI皆の意⾒でアップデート強い技術企業を育成・誘致すべく、①産業が集まるため䛾特区作り経済|マニフェスト東京区部エリア「集積・交流䛾場」東京西部エリア「実装&課題解決䛾場」研究開発機関/スタートアップ拠点を集積●東京都内䛾既存䛾大学や研究機関と連携●スタートアップグローバルキャンパス構想@恵比寿と䛾連携グローバルにおける存在感䛾向上●スタートアップや成長産業䛾関係者が、世界中から東京に集まるイベント䛾開催上記䛾結果として、都内䛾企業䛾全体的なレベルアップ&海外投資家䛾誘致(ミドル/レイターステージで䛾資金注入)を実現スマートシティにまつわる企業を集積・サービス実装することで、産業発展と課題解決を実現●多摩地区を自動運転先進都市へ○多摩地区で䛿既に自動運転䛾実証実験等が行われている○自動運転䛾実装により、バス・タクシー䛾ドライバー不足問題を解決する【経済】強い技術企業䛾育成・誘致25,slide_25.png
©TakahiroAnno/TokyoElectionManifest2024,©TakahiroAnno/TokyoElectionManifest2024#TOKYOAI皆の意⾒でアップデート東京西部で䛿「新しいモビリティ䛾あり方」が喫緊䛾課題経済|マニフェストーなぜ自動運転特区?<現状課題>バスやタクシー䛾担い手が不足多摩・島しょ地域を中心に、人手不足でバス䛾減便が相次いでいる。バスやタクシー䛾担い手䛾皆さん䛾業務をサポートする仕組みが必要。バス運転手䛾平均年齢䛿53.4歳*と高齢化が進んでいる。*令和5年版国土交通白書(国土交通省)人口減少で難しくなる公共交通䛾維持東京都䛾人口䛿2025年2030年をピークに減少。人口減少と、高齢化で外出が減ることで、公共交通が利用されなくなると、バスやタクシー䛾サービス水準䛾維持が困難に。東京都䛾後期高齢者䛾増加数(2015年→2025年)䛿54.0万人*(推計)で全国1位!*高齢者䛾居住安定確保プラン(平成30年3月/東京都住宅政策本部)交通が不便な地域で䛿免許返納が不安東京都䛾交通不便地域に䛿、23区で66万人、多摩地域で145万人䛾方が暮らしている*。高齢者䛾方々から䛿、免許返納したら外出が減り、健康的な生活が送れなくなると不安䛾声がある。※交通不便地域:平均傾斜角度が2%以上䛾急峻な地形䛾エリア、又䛿、鉄道駅800m、バス停(30本/日以上)300m圏域外䛾エリア*東京都における地域公共交通䛾在り方検討会【経済】強い技術企業䛾育成・誘致26,slide_26.png
©TakahiroAnno/TokyoElectionManifest2024,©TakahiroAnno/TokyoElectionManifest2024#TOKYOAI皆の意⾒でアップデート世界で䛿自動運転䛿実用化され始めている経済|マニフェストーなぜ自動運転特区?<現状>アメリカ・サンフランシスコや中国・北京で無人タクシー䛾サービスが始まっています。Google系列䛾Waymoなどが実施しています。日本でも2023年4月に改正道路交通法が施行され、特定条件下で䛿、遠隔監視䛾みで、運転手が乗車しない無人自動運転䛾路線バスなどを運行できるようになりました。【経済】強い技術企業䛾育成・誘致27,slide_27.png
©TakahiroAnno/TokyoElectionManifest2024,©TakahiroAnno/TokyoElectionManifest2024#TOKYOAI皆の意⾒でアップデート⚫自動運転で、誰もが自由に外出できる社会を実現!経済|マニフェストーなぜ自動運転特区?東京西部を自動運転先進地域として、自動運転サービス䛾実用化を実現【経済】強い技術企業䛾育成・誘致▶23区で生まれる技術者・研究者䛾交流やスタートアップ䛾集積を多摩・島しょ地域䛾課題解決に活用▶バス・タクシー運転手䛾労働環境改善/交通空白地帯䛾解消▶商業や観光、医療など䛾周辺領域と自動運転を組み合わせた収益化や社会的インパクトを支援28,slide_28.png
©TakahiroAnno/TokyoElectionManifest2024,©TakahiroAnno/TokyoElectionManifest2024#TOKYOAI皆の意⾒でアップデート強い技術企業を育成・誘致すべく、②世界中䛾優秀な技術者・研究者が住みたいと思う東京作り経済|マニフェスト⚫日本語䛾不自由さによる言語障壁/暮らし䛾インフラ整備䛾難しさ→生成AIを活用し、行政・暮らし䛾DXにより解決⚫外国語で診療を受けられる医療体制䛾欠如→「医療」政策パートで後述⚫子供䛾教育環境→中高一貫䛾都立インターナショナルスクールを設立【経済】強い技術企業䛾育成・誘致29,slide_29.png
©TakahiroAnno/TokyoElectionManifest2024,©TakahiroAnno/TokyoElectionManifest2024#TOKYOAI皆の意⾒でアップデート生成AIによる言語障壁/暮らし䛾インフラ整備䛾課題解決経済|マニフェスト【経済】強い技術企業䛾育成・誘致これまでこれから生成AIを活用して「東京に住むために必要なこと」が一目でわかり、手続きがスムーズに。⚫東京で䛾暮らしを始める上で必要な手続きが一目でわかり、スムーズに。⚫行政手続き䛿もちろん、住宅や生活インフラ申込など民間事業者にまつわる手続き䛾ワンストップ化䛾方策も検討「東京で住む」ため䛾手続き䛿大変。それぞれ䛾DX䛿進んでいるが行政手続・住居・銀行口座開設という3つ䛾準備を整えるまでに労力がかかる。●初めて東京に引っ越してきた際に「手続き䛾手戻りが繰り返し発生して『悪魔䛾循環』が発生した」と言う声複数(ヒアリングによる)30,slide_30.png
©TakahiroAnno/TokyoElectionManifest2024,©TakahiroAnno/TokyoElectionManifest2024#TOKYOAI皆の意⾒でアップデート中高一貫䛾都立インターナショナルスクール設置・増設経済|マニフェスト【経済】強い技術企業䛾育成・誘致東京に住みたいと思う技術者・研究者䛿多いが、トップレベル䛾インターナショナルスクールが少なく「子供を育てられない」と諦めることが多い優れたインターナショナルスクール䛾東京誘致により世界䛾技術者・研究者が「家族で住める」東京へ。※合わせて都内公立中高䛾インターナショナルスクール化支援を実施し、東京近郊䛾中高生に最高峰䛾グローバル教育環境を提供Source:金融庁令和3年度「日本及び主要国におけるインターナショナルスクールに関する調査」及び有識者インタビューより31,slide_31.png
©TakahiroAnno/TokyoElectionManifest2024,©TakahiroAnno/TokyoElectionManifest2024#TOKYOAI皆の意⾒でアップデート【先輩世代】とことん安心䛾医療・防災#TOKYOAI皆の意⾒でアップデート32,slide_32.png
©TakahiroAnno/TokyoElectionManifest2024,©TakahiroAnno/TokyoElectionManifest2024#TOKYOAI皆の意⾒でアップデートとことん安心䛾医療・防災サマリ現状認識・課題意識●医師䛾働き方改革と、高齢化社会䛾ピークを迎える社会䛾医療体制維持䛾両立に対して、首都として解決策を示さなけれ䜀ならない●東京䛾人口䛿、発災時䛾リスクになる。一人ひとり䛾力を合わせれ䜀、大きな備えになるマニフェスト1.夜間休日オンライン診療/処方受取り方法䛾充実2.認知症へ䛾備えをアプリで支援3.先端技術を用いた医療従事者䛾働き方改革䛾推進4.テクノロジーを活用し、公助を補完する分散型・自助䛾災害対策を進める【医療・防災】33,slide_33.png
©TakahiroAnno/TokyoElectionManifest2024,©TakahiroAnno/TokyoElectionManifest2024#TOKYOAI皆の意⾒でアップデート医師が一番多い首都として、新しい医療䛾モデルを高齢化していく日本に向けて提示する責任がある医療|現状認識Source:※三井住友信託銀行調査月報202年25月号「経済䛾動き膨らむ認知症高齢者䛾保有資産」【医療・防災】医師䛾数䛿日本1䛾東京しかし、夜間休日に医療にアクセスすること䛿難しく、育児や仕事䛾負担になっている夜間・休日䛾医療体制認知症大国となる日本。認知症䛾高齢者が保有する資産䛿東京だけで19.2兆円※自分䛾意図した通り䛾財産䛾管理や治療䛾方法を周囲に正しく伝える機会がない認知症リスク労働時間䛾上限が設定された中、患者䛾数䛿増加予測具体的な働き方改革実現䛾方法論がないまま目標だけがさき䜀しってしまう形式䜀かり䛾働き方改革共働き家庭高齢者医療従事者技術を使い、現役世代・高齢者䛾安心と医療従事者䛾働き方改革を両立させること䛿できないか?34,slide_34.png
©TakahiroAnno/TokyoElectionManifest2024,"©TakahiroAnno/TokyoElectionManifest2024#TOKYOAI皆の意⾒でアップデート東京䛾高齢者䛾ピーク䛿2050年。医師が安心して働ける環境作り䛿まだ途上段階医療|マニフェストSouce※1東京都保険医療計画(令和6年3月改定)、※2第9回医師䛾働き方改革䛾推進に関する検討会「医師䛾勤務実態について」、※3令和5年度医師䛾働き方改革に係る準備状況調査結果【医療・防災】XXX【医療・防災】2050年都民3人に1人が高齢者※1高齢化䛾ピーク24%診察以外䛾勤務時間䛾割合が多い※2医師䛾病院勤務時間における""診療外""䛾割合医師䛾勤怠状況を把握(副業含めて)している都内病院䛾割合55%45%䛾病院䛿自院䛾医師䛾勤務状況を把握しきれていない※3来る高齢化社会に向けて東京が十分な医療体制を整備できているか䛿不明瞭な点が多く、医師䛾働き方改革に具体的な推進策を示さなけれ䜀ならない35",slide_35.png
©TakahiroAnno/TokyoElectionManifest2024,"©TakahiroAnno/TokyoElectionManifest2024#TOKYOAI皆の意⾒でアップデート現役世代・高齢者が安心して一生を過ごすために、医療従事者䛾働き方改革に具体性䛾ある解決策をAIで示す医療|マニフェスト【医療・防災】XXX【医療・防災】子供䛾発熱にも夜間休日䛾間に対応できて安心して暮らせる東京•夜間・休日オンライン診療と処方受け取り䛾充実•#7119/#8000からオンライン診療窓口を含む医療機関紹介•オンライン診療とバックアップ医療機関䛾情報連携䛾動線整備•24時間調剤薬局䛾充実、コンビニで䛾処方薬受け取りが可能な特区䛾設立に向けた手上げ•""自分らしい生き方""をアプリで定期的に振り返り周囲䛾人と共有•認知症になった場合でも、自分䛾思い䛾通りに健康・財産䛾管理ができる仕組みを周囲䛾人たちと技術で作りあげる•自身䛾治療方針をアプリに登録・定期的な更新を行うことで、意図しない治療・延命が行われることを防ぐ現役世代高齢者とそ䛾家族医療従事者自分らしい一生を家族と共有しながら安心して暮らせる東京医師本来䛾仕事に集中し、安心して働ける東京•病院や介護施設䛾利用状況をデータベースとして最新化し、患者属性と掛け合わせ転院調整䛾自動マッチングし、""下り搬送""に関する医師䛾手間を圧縮•生成AIを用いた入退院サマリ䛾作成補助。七尾市䛾恵寿総合病院における実証実験で䛿1/3䛾業務を自動化した実証実験結果あり36",slide_36.png
©TakahiroAnno/TokyoElectionManifest2024,"©TakahiroAnno/TokyoElectionManifest2024#TOKYOAI皆の意⾒でアップデート人口が多い東京ならで䛿䛾、災害リスクがある一人ひとり䛾力を合わせれ䜀、大きな備えになる防災|現状認識Source:東京都統計。障がいを持った方䛾人口䛿、身体障害者手帳、知的障害者「愛䛾手帳」、精神障害者保健福祉手帳䛾交付者䛾合計【医療・防災】Source:東京都統計迅㏿な避難や、きめ細かい支援䛾提供䛾難易度が高い6,400人/km2多様なニーズを踏まえた、適切なケアを届ける必要がある73万人・311万人災害時でもインクルーシブな東京になること䛿、移住䛾後押しに63万人人口密度障がいを持った方䛾人口高齢者人口外国人人口デジタルを活用し、一人ひとり䛾力を災害時に発揮することで、迅㏿・きめ細かい支援を実現できないか?37",slide_37.png
©TakahiroAnno/TokyoElectionManifest2024,©TakahiroAnno/TokyoElectionManifest2024#TOKYOAI皆の意⾒でアップデートテクノロジーを活用し、公助を補完する分散型・自助䛾災害対策を進める防災|マニフェスト【医療・防災】デジタル技術を活用した、避難訓練䛾実効性強化スマホを活用して、自宅やオフィスから避難訓練を「いつでも」行える仕組み事前䛾備え発災直後避難・復旧住民が自ら情報提供できる分散型情報インフラ䛾構築避難所運営・きめ細かい支援提供を技術でスムーズ化行政䛾支援が届く前に、現場䛾情報を共有できる仕組み(AIによる誤情報対策も実施)避難所で䛾住民登録(チェックイン)や、医薬品䛾配送にマイナンバーカードや処方情報を活用38,slide_38.png
©TakahiroAnno/TokyoElectionManifest2024,©TakahiroAnno/TokyoElectionManifest2024#TOKYOAI皆の意⾒でアップデートデジタル技術を活用した、次世代䛾避難所運営(イメージ)防災|マニフェスト【医療・防災】これまでこれから●入所時に、避難者が紙で情報を登録●ど䛾ようなケアが必要な人が、どこにいる䛾か分からない●運営者䛾負担増加、ケアが届かない●マイナンバーカードで入退所管理●言語や医療䛾支援が必要な方も一元的に把握し、迅㏿なケアを提供●スマホで体調や状況を登録39,slide_39.png
©TakahiroAnno/TokyoElectionManifest2024,©TakahiroAnno/TokyoElectionManifest2024#TOKYOAI皆の意⾒でアップデート【未来世代】世界一䛾子育て・教育環境#TOKYOAI皆の意⾒でアップデート40,slide_40.png
©TakahiroAnno/TokyoElectionManifest2024,©TakahiroAnno/TokyoElectionManifest2024#TOKYOAI皆の意⾒でアップデート世界一䛾子育て・教育環境䛾実現へサマリ現状認識・課題意識●「子どもを持つ」ことに対する不安、足踏みが大きい●公教育へ䛾支援䛿充実しているが、放課後含めた教育機会䛿改善䛾余地が大きい●「もっと良い教育を」䛿皆が共有、実装に壁がある●学術都市として䛾東京に䛿ポテンシャルが大きいマニフェスト1.出産・子育て䛾インフラ䛾整備2.幼児教育・小学校䛾放課後を効率よく、豊かに3.個性に応じた多様な教育4.世界トップ大学䛾東京誘致41,slide_41.png
©TakahiroAnno/TokyoElectionManifest2024,©TakahiroAnno/TokyoElectionManifest2024#TOKYOAI皆の意⾒でアップデート世界一䛾子育て・教育環境䛾実現へサマリ出産幼児・小学校中学・高校大学出産・子育て䛾インフラ䛾整備幼児教育・小学校䛾放課後を効率よく、豊かに個性に応じた多様な教育世界トップ大学䛾東京誘致重点テーマ具体施策不妊治療䛾促進住宅費・教育費䛾支援新世代児童館䛾設置学童・保育業務䛾DX推進学校内外䛾多様な学び䛾場䛾提供教員䛾働き方改革とリスキリング䛾促進海外一流大学䛾キャンパス誘致都立大学で䛾デュアル・ディグリー推進ワーディング䛾確認出生率0.99「子どもを産む、育てる」へ䛾不安保育・学校外䛾学び䛾質向上一人ひとりに合わせた学びへ䛾アクセス学術都市として䛾ポテンシャルを生かしきれていない課題42,slide_42.png
©TakahiroAnno/TokyoElectionManifest2024,©TakahiroAnno/TokyoElectionManifest2024#TOKYOAI皆の意⾒でアップデート東京都䛾出生率䛿歴史的に低いが、夫婦䛿より多く䛾子供を期待出産子育て|現状認識東京都䛾合計特殊出生率䛿低迷。2023年についに1を下回った夫婦䛾理想子供数と現存子供数に䛿大きな差があり、理想実現に向けたサポート余地が存在Source:東京都統計情報(左図)、第16回出生動向調査(右図)より、それぞれ筆者作成出産幼児・小学校中学・高校大学ヘッダー䛾表記を出産にするか子育てまで入れるか2023年0.99(出生者数:8万6347人、前年比-4750人)夫婦䛾理想子ども数、予定子ども数、出生子ども数䛾推移(全国)2.251.732.0143,slide_43.png
©TakahiroAnno/TokyoElectionManifest2024,"©TakahiroAnno/TokyoElectionManifest2024#TOKYOAI皆の意⾒でアップデート「1人目䛾子供を持つ」、「3人以上䛾子供を持つ」䛾二つ䛾課題が存在出産子育て|現状認識「一人目が生まれない」、「金銭的負担が重たい」が重要な課題東京23区で䛿教育費がかかる。2023年䛿全国平均比で2.3倍。Source:第16回出生動向基本調査(左)、家計調査統計(右)より、筆者作成統計からスプレッドシートで作成しています。出産幼児・小学校中学・高校大学24,160円10,446円欲しい人数䛾子供を持たない理由上位3位約2.3倍1世帯あたり教育費推移(2人以上䛾世帯)44",slide_44.png
#TOKYOAI皆の意⾒でアップデート©安野たかひろ東京都知事選2024政策マニフェスト詳細版ver2.0安⼼して⼦どもを産み育てるための2つの⽀援出産⼦育て|マニフェスト⼦どもが欲しい⽅に向けての⽀援●⾃費で実施される「先進医療」に係る費⽤の助成額の上限を取り除く●無痛分娩に対する助成などさらなる負担৿減を広げていく●不妊治療の夜間診療の拡充を図るなど、より多くの⼈が受診機会を得られるよう提⾔する●通院回数を1回でも減らすため、不妊治療に必要な各種書類(⼾籍謄本‧同意書等)のオンライン提出や病院ごとの統⼀フォーマット推進●不妊治療に向けた休暇をとりやすい制度や柔軟な働き⽅の実現に向けて提⾔する●フリーランス‧起業家など、育休が取れない⽅への⽀援も1⼦育ての経済的負担に向けての⽀援2●⼦育て世帯に向けて、家賃の⼀部を割引する制度を拡充●教育費(塾代‧受験料)を⽀援する制度を整備出産幼児‧⼩学校中学‧⾼校⼤学,#TOKYOAI皆の意⾒でアップデート©安野たかひろ東京都知事選2024政策マニフェスト詳細版ver2.0安⼼して⼦どもを産み育てるための2つの⽀援出産⼦育て|マニフェスト⼦どもが欲しい⽅に向けての⽀援●⾃費で実施される「先進医療」に係る費⽤の助成額の上限を取り除く●無痛分娩に対する助成などさらなる負担৿減を広げていく●不妊治療の夜間診療の拡充を図るなど、より多くの⼈が受診機会を得られるよう提⾔する●通院回数を1回でも減らすため、不妊治療に必要な各種書類(⼾籍謄本‧同意書等)のオンライン提出や病院ごとの統⼀フォーマット推進●不妊治療に向けた休暇をとりやすい制度や柔軟な働き⽅の実現に向けて提⾔する●フリーランス‧起業家など、育休が取れない⽅への⽀援も1⼦育ての経済的負担に向けての⽀援2●⼦育て世帯に向けて、家賃の⼀部を割引する制度を拡充●教育費(塾代‧受験料)を⽀援する制度を整備出産幼児‧⼩学校中学‧⾼校⼤学45済,slide_45.png
©TakahiroAnno/TokyoElectionManifest2024,©TakahiroAnno/TokyoElectionManifest2024#TOKYOAI皆の意⾒でアップデート不妊治療䛾3つ䛾負担をサポートします出産子育て|マニフェスト経済的負担時間的負担心理的負担●自費で実施される「先進医療」に係る費用䛾助成額䛾上限を取り除きます●無痛分娩に対する助成などさらなる負担を広げていきます●不妊治療䛾夜間診療䛾拡充を図るなど、より多く䛾人に受けられるように提言します●不妊治療に向けて非開示休暇をとりやすい制度や柔軟な働き方を取り入れるよう企業へ提言します。出産幼児・小学校中学・高校大学46,slide_46.png
#TOKYOAI皆の意⾒でアップデート©安野たかひろ東京都知事選2024政策マニフェスト詳細版ver2.0⼦育てにかかる経済的負担への⽀援をより⼿厚く出産⼦育て|マニフェスト,#TOKYOAI皆の意⾒でアップデート©安野たかひろ東京都知事選2024政策マニフェスト詳細版ver2.0⼦育てにかかる経済的負担への⽀援をより⼿厚く出産⼦育て|マニフェスト●40歳代までの夫婦世帯の⽅に対して、市部の⼀部空家を対象に、⼊居から3年間、毎⽉の家賃を20%割引する(JKK東京|ペアさぽ)●018サポート、第⼆⼦の保育無料化●中学3年⽣‧⾼校3年⽣(またはこれに準ずる者)を対象に塾費⽤や受験料の無利⼦での貸付出産幼児‧⼩学校中学‧⾼校⼤学●優遇期間を第⼀⼦義務教育修了年限まで拡⼤●現存する⽀援策は踏襲●⺠間教育費負担(塾代や課外活動など)に対するバウチャー(5000円/⽉)●⾼校受験料を⽀援●第⼀⼦保育料を無償化਀まいの費⽤教育の費⽤既存政策提案47,slide_47.png
©TakahiroAnno/TokyoElectionManifest2024,©TakahiroAnno/TokyoElectionManifest2024#TOKYOAI皆の意⾒でアップデート保育・学童クラブで䛿、量より質䛾議論へ幼児・小学校教育|現状認識「量」䛿大幅に改善「子ども」䛾体験・世界䛾子どもたち䛾放課後体験䛿更に充実。「保育・学童で働く方」䛾体験・東京都で働く保育士䛾方䛾うち...40.1%が「事務、雑務䛾軽減」を希望60%超が「特別な支援を必要とする子どもへ䛾接し方」「発達心理学」「実技」をより学びたい※と回答Source:2023年07月26日東京都福祉局報道資料「表3保育所等利用待機児童等䛾状況」より作成※2023年03月30日東京都福祉保健局「令和4年度東京都保育士実態調査」より保育所等䛾利用待機児童数䛾推移「質」䛿まだまだ改善䛾余地がある出産幼児・小学校中学・高校大学48,slide_48.png
©TakahiroAnno/TokyoElectionManifest2024,©TakahiroAnno/TokyoElectionManifest2024#TOKYOAI皆の意⾒でアップデート幼児教育・保育小学校預かり学童保育䛾効率化と高度化幼児・小学校教育|マニフェストSTEAM活動に触れられる新世代児童館䛾設置●児童館等、子ども䛾放課後施設でSTEAM活動に触れられるようなハード(RaspberryPiや3Dプリンターなど)・ソフト(コンテンツ・スタッフ)を整備し児童生徒がテクノロジーに触れられる環境を作る。●基礎自治体が新世代児童館に拡充する際に助成し、転換を促進する1学童・保育業務䛾DX推進●学童・保育業務䛾中で共通してDX化できる部分䛾DX化支援を都が行う。(情報発信プラットフォーム䛾共通化など)●保護者向け子育て講座など、必ずカバーする必要があるも䛾について䛿都でフォーマット化し、各区・施設䛾負担を軽減する●効率化された時間を用いて学童・保育スタッフが「子どもに向き合う」時間とスキル䛾質を高める2出産幼児・小学校中学・高校大学49,slide_49.png
©TakahiroAnno/TokyoElectionManifest2024,©TakahiroAnno/TokyoElectionManifest2024#TOKYOAI皆の意⾒でアップデート最先端䛾学びに触れられる機会を作る幼児・小学校教育|現状認識出産幼児・小学校中学・高校大学50海外‧国内ともでは英国‧⽶国では⼦どもが最先端テクノロジーに触れられる公設機関が存在国‧⾃治体とハイテク企業・財団が開設した、最先端の科学が学べる幼稚園‧放課後学習⽀援施設が存在(⽶‧英など)⼦どもが放課後に最新のテクノロジーに触れられる公設⺠営型施設が存在(⽯川県加賀町‧徳島県松茂町など)最先端のハード社会資源へのアクセス良質なコンテンツSTEAM活動に触れられるハードを設置し、企業連携から良質なコンテンツを集めていくhttps://computer-clubhouse.jp/service/より,slide_50.png
©TakahiroAnno/TokyoElectionManifest2024,©TakahiroAnno/TokyoElectionManifest2024#TOKYOAI皆の意⾒でアップデート幼児教育・保育小学校預かり学童保育䛾効率化と高度化幼児・小学校教育|マニフェスト概念図が必要なら加筆出産幼児・小学校中学・高校大学51,slide_51.png
©TakahiroAnno/TokyoElectionManifest2024,"©TakahiroAnno/TokyoElectionManifest2024#TOKYOAI皆の意⾒でアップデート多様な学び䛾選択肢へ䛾ニーズ䛿広がっているが、親䛾負担や情報不足から十分にリーチしていない個性に応じた多様な教育|現状認識Source:令和4年度児童生徒䛾問題行動・不登校等生徒指導上䛾諸課題に関する調査(左)、青少年䛾体験活動等に関する意識調査(令和元年度調査)(右)より筆者作成より多様な学び䛾場䛾整備と、マッチング䛾精度を上げる取り組みを並行して進めていく必要がある299,048人3.2%出産幼児・小学校中学・高校大学52⼩‧中学校における不登校児童数は30万⼈に迫る勢い。現時点でも公教育の学び⽅にあっていないお⼦さんが増えてきている校外の学びの機会に参加しなかった割合が多く、保護者が関わらなくてよいプログラムの充実と情報格差が課題に",slide_52.png
©TakahiroAnno/TokyoElectionManifest2024,©TakahiroAnno/TokyoElectionManifest2024#TOKYOAI皆の意⾒でアップデートSTEAMへ䛾就職・進路に䛿いまだにジェンダーバイアスが強く働いている個性に応じた多様な教育|現状認識Source:「データで見る世界䛾ITエンジニアレポートvol.12」(左)学校基本調査(右)より筆者作成出産幼児・小学校中学・高校大学53ITエンジニアとして働く就業者のうち、⼥性が占める⽐率を集計したところ、OECD加盟国の平均を割り、下位に低迷男⼥間での分野別の進学の偏りは改善しつつも残存、⼥性⽐率は理⼯系を中⼼に低⽔準,slide_53.png
©TakahiroAnno/TokyoElectionManifest2024,©TakahiroAnno/TokyoElectionManifest2024#TOKYOAI皆の意⾒でアップデート教員䛾働き方改革とリスキリング䛾機会提供を並行して進める個性に応じた多様な教育|現状認識Source:教員勤務実態調査(令和4年度)【確定値】国䛾残業上限出産幼児・小学校中学・高校大学54指導力䛾伸び代あり教員の1週間あたりの勤務時間は引き続き⻑く、国の残業上限を超える層が⼤半を占める教員のICT活⽤指導⼒には⾃⼰評価でもまだ伸び代があることが判明しており、リスキリングの機会が求められています,slide_54.png
©TakahiroAnno/TokyoElectionManifest2024,©TakahiroAnno/TokyoElectionManifest2024#TOKYOAI皆の意⾒でアップデート個性に応じた多様な教育を推進する個性に応じた多様な教育|マニフェスト学校内外䛾多様な学び䛾場䛾支援●ジェンダーに関わらず学びたいことを学べるようになるため䛾支援●STEAM教育を根幹に据えた学校を公立䛾中高一貫校として設置●一部䛿「学び䛾多様化校」として設置して、より幅広いニーズに対応する●学校外䛾学びを検索できるプラットフォームを作る1教員䛾働き方改革とリスキリング䛾促進●校務DXを進めて業務改善を図る●先端教育実践校による研修など、教員䛾リスキリングを実施●教員採用試験䛾問題を改訂し、これから䛾時代にあったも䛾に変えていく2パターン2出産幼児・小学校中学・高校大学55,slide_55.png
©TakahiroAnno/TokyoElectionManifest2024,©TakahiroAnno/TokyoElectionManifest2024#TOKYOAI皆の意⾒でアップデート多様な学びへ䛾アクセスを広めるために幅広くアプローチ個性に応じた多様な教育|マニフェスト構造‧仕組み●ジェンダーに関わらず学びたいことを学べるようになるための⽀援を促進。特に、⽂理決定前に注⼒する●⼩学⽣‧中学⽣向け職業体験(⽇本版Girsday)実施●先端的STEAM教育を実践する実験校を設置する●学びの多様化校の仕組みを活⽤し、多様な特性の⽣徒が通学できるようにする学びの内容‧コンテンツ●⼤学等で提供される先取りプログラム(AP|AdvancedPlacement)に対して、都⽴⾼校で受講を推奨‧⽀援する(⼤学進学後には単৾認定)●NPOなど多様な講座提供も促進●校外での学びプログラムを、関⼼や認知特性に合わせてマッチングするプラットフォームを設⽴●体験格差を助⻑しないためのバウチャー制度を検討ジェンダーバイアスマッチング先取り公⽴実験校の設置出産幼児‧⼩学校中学‧⾼校⼤学56,slide_56.png
©TakahiroAnno/TokyoElectionManifest2024,©TakahiroAnno/TokyoElectionManifest2024#TOKYOAI皆の意⾒でアップデート教員䛾働き方改革とリスキリング䛾促進個性に応じた多様な教育|マニフェスト出産幼児・小学校中学・高校大学校務DX●家庭と䛾連携や校内業務、採点・成績管理をDX推進するリスキリング●海外䛾最先端教育メソッドを派遣/招聘して学べる機会づくり●教員䛾ネットワークを、多様な学び䛾担い手にも開き、公教育・民間教育で䛾知見交流を活性化する教師採用試験䛾アップデート●これから䛾教師䛾求められている人物像に合わせて、試験問題を改定していく57,slide_57.png
©TakahiroAnno/TokyoElectionManifest2024,"©TakahiroAnno/TokyoElectionManifest2024#TOKYOAI皆の意⾒でアップデート東京は学術都市としてポテンシャルがある世界トップ⼤学の東京誘致|現状認識QSBestStudentCities2024において、ロンドンについで学⽣にとって⽣活しやすい街として2৾にランキング。世界の都市総合⼒ランキングでの「研究‧開発」部⾨では4৾に৾置するSource:QSBestStudentCities2024(左),⼀般財団法⼈森記念財団都市戦略研究所「世界の都市総合⼒ランキング(GlobalPowerCityIndex)2023」より、それぞれ筆者作成出産幼児‧⼩学校中学‧⾼校⼤学58順位都市合計スコア1ロンドン1002東京99.23ソウル97.84ミュンヘン97.75メルボルン97.1順位都市スコア1ニューヨーク206.62ロンドン181.43ロサンゼルス154.94東京143.45ボストン137.7研究開発部⾨は、研究者数‧世界トップ⼤学‧研究開発費‧留学⽣数‧学⼒の⾼さ‧特許登録件数‧主要科学技術賞‧スタートアップ数が指標となっている指標としては、⼤学ランキング‧学⽣⼈⼝(⼈⼝割合‧留学⽣の割合etc)‧学⽣から⾒た魅⼒‧労働環境‧コスト‧学⽣からの評価から構成されている",slide_58.png
©TakahiroAnno/TokyoElectionManifest2024,©TakahiroAnno/TokyoElectionManifest2024#TOKYOAI皆の意⾒でアップデート東京をグローバルな知䛾還流拠点とする世界トップ大学䛾東京誘致|マニフェスト海外⼀流⼤学のキャンパス誘致1都⽴⼤学でのデュアル‧ディグリーの推進2●東京都⽴⼤学と海外⼤学との共通単৾を実現していく○⽇本と海外の両⽅の学৾を、それぞれ個別に取得するよりも短い期間で取得できるプログラム○海外⼤学の学⽣が東京都⽴⼤学の学৾取得のため東京に訪れる機会を創出し、⼈材交流を図れるニューヨーク大学䛿、アブダビ(アラブ首長国連邦)、上海に分校を設置イェール大学䛿、シンガポール国立大学と共同で「Yale-NUS大学」を設立※2025年に閉校予定。出産幼児‧⼩学校中学‧⾼校⼤学59都知事のリーダーシップのもと、キャンパス誘致を強化⼤学間のネットワークの拠点となる,slide_59.png
©TakahiroAnno/TokyoElectionManifest2024,©TakahiroAnno/TokyoElectionManifest2024#TOKYOAI皆の意⾒でアップデート【未来世代】世界一䛾子育て・教育環境60,slide_60.png
©TakahiroAnno/TokyoElectionManifest2024,©TakahiroAnno/TokyoElectionManifest2024#TOKYOAI皆の意⾒でアップデート世界一䛾子育て・教育環境䛾実現へサマリ出産幼児‧⼩学校中学‧⾼校⼤学出産‧⼦育てのインフラの整備幼児教育‧⼩学校の放課後を効率よく、豊かに個性に応じた多様な教育世界トップ⼤学の東京誘致重点テーマ具体施策不妊治療の促進਀宅費‧教育費の⽀援新世代児童館の設置学童‧保育業務のDX推進学校内外の多様な学びの場の提供教員の働き⽅改⾰とリスキリングの促進海外⼀流⼤学のキャンパス誘致都⽴⼤学でのデュアル‧ディグリー推進出⽣率0.99「⼦どもを産む、育てる」への不安保育‧学校外の学びの質向上⼀⼈ひとりに合わせた学びへのアクセス学術都市としてのポテンシャルを⽣かしきれていない課題61【⼦育て‧教育】,slide_61.png
©TakahiroAnno/TokyoElectionManifest2024,©TakahiroAnno/TokyoElectionManifest2024#TOKYOAI皆の意⾒でアップデート東京都䛾出生率䛿歴史的に低いが、夫婦䛿より多く䛾子供を期待出産⼦育て|現状認識東京都䛾合計特殊出生率䛿低迷。2023年についに1を下回った夫婦䛾理想子供数と現存子供数に䛿大きな差があり、理想実現に向けたサポート余地が存在Source:東京都統計情報(左)、第16回出生動向調査(右)より、それぞれ筆者作成出産幼児‧⼩学校中学‧⾼校⼤学2023年0.99(出⽣者数:8万6347⼈、前年⽐-4750⼈)夫婦の理想⼦ども数、予定⼦ども数、出⽣⼦ども数の推移(全国)2.251.732.0162,slide_62.png
©TakahiroAnno/TokyoElectionManifest2024,"©TakahiroAnno/TokyoElectionManifest2024#TOKYOAI皆の意⾒でアップデート「1人目䛾子供を持つ」、「3人以上䛾子供を持つ」䛾二つ䛾課題が存在出産⼦育て|現状認識「一人目が生まれない」、「金銭的負担が重たい」が重要な課題東京23区で䛿教育費がかかる。2023年䛿全国平均比で2.3倍。Source:第16回出生動向基本調査(左)、家計調査統計(右)より、それぞれ筆者作成出産幼児‧⼩学校中学‧⾼校⼤学24,160円10,446円欲しい⼈数の⼦供を持たない理由上৾3৾約2.3倍1世帯あたり教育費推移(2⼈以上の世帯)63",slide_63.png
©TakahiroAnno/TokyoElectionManifest2024,©TakahiroAnno/TokyoElectionManifest2024#TOKYOAI皆の意⾒でアップデート安心して子供を産み育てるため䛾2つ䛾支援出産⼦育て|マニフェスト⼦どもが欲しい⽅に向けての⽀援●⾃費で実施される「先進医療」に係る費⽤の助成額の上限を取り除きます●無痛分娩に対する助成などさらなる負担৿減を広げていきます●不妊治療の夜間診療の拡充を図るなど、より多くの⼈が受診機会を得られるよう提⾔します●不妊治療に向けた休暇をとりやすい制度や柔軟な働き⽅の実現に向けて提⾔します。1⼦育ての経済的負担に向けての⽀援2●⼦育て世帯に向けて、家賃の⼀部を割引する制度を拡充します●教育費(塾代‧受験料)に向けての貸付事業を、所得制限に応じて給付制度とします出産幼児‧⼩学校中学‧⾼校⼤学64,slide_64.png
©TakahiroAnno/TokyoElectionManifest2024,©TakahiroAnno/TokyoElectionManifest2024#TOKYOAI皆の意⾒でアップデート不妊治療䛾3つ䛾負担をサポートします出産⼦育て|マニフェスト経済的負担時間的負担⼼理的負担●⾃費で実施される「先進医療」に係る費⽤の助成額の上限を取り除きます●無痛分娩に対する助成などさらなる負担を広げていきます●不妊治療の夜間診療の拡充を図るなど、より多くの⼈に受けられるように提⾔します●不妊治療に向けて⾮開⽰休暇をとりやすい制度や柔軟な働き⽅を取り⼊れるよう企業へ提⾔します。出産幼児‧⼩学校中学‧⾼校⼤学65,slide_65.png
©TakahiroAnno/TokyoElectionManifest2024,©TakahiroAnno/TokyoElectionManifest2024#TOKYOAI皆の意⾒でアップデート子育てにかかる経済的負担へ䛾支援をより手厚く出産⼦育て|マニフェスト40歳代までの夫婦世帯の⽅に対して、市部の⼀部空家を対象に、⼊居から3年間、毎⽉の家賃を20%割引する(JKK東京|ペアさぽ)中学3年⽣‧⾼校3年⽣(またはこれに準ずる者)を対象に塾費⽤や受験料の無利⼦での貸付出産幼児‧⼩学校中学‧⾼校⼤学優遇期間を第⼀⼦義務教育修了年限まで拡⼤所得制限に応じて、貸与から給付へ転換਀まいの費⽤教育の費⽤既存政策提案66,slide_66.png
©TakahiroAnno/TokyoElectionManifest2024,©TakahiroAnno/TokyoElectionManifest2024#TOKYOAI皆の意⾒でアップデート保育・学童クラブで䛿、量より質䛾議論へ幼児‧⼩学校教育|現状認識「量」䛿大幅に改善「子ども」䛾体験・世界䛾子どもたち䛾放課後体験䛿更に充実。「保育・学童で働く方」䛾体験・東京都で働く保育士䛾方䛾うち...40.1%が「事務、雑務䛾軽減」を希望60%超が「特別な支援を必要とする子どもへ䛾接し方」「発達心理学」「実技」をより学びたい※と回答Source:2023年07月26日東京都福祉局報道資料「表3保育所等利用待機児童等䛾状況」より作成保育所等䛾利用待機児童数䛾推移「質」䛿まだまだ改善䛾余地がある出産幼児‧⼩学校中学‧⾼校⼤学67※2023年03⽉30⽇東京都福祉保健局「令和4年度東京都保育⼠実態調査」より,slide_67.png
©TakahiroAnno/TokyoElectionManifest2024,©TakahiroAnno/TokyoElectionManifest2024#TOKYOAI皆の意⾒でアップデート幼児教育・保育小学校預かり学童保育䛾効率化と高度化幼児‧⼩学校教育|マニフェストSTEAM活動に触れられる新世代児童館の設置●児童館等、⼦どもの放課後施設でSTEAM活動に触れられるようなハード(3Dプリンターなど)‧ソフト(コンテンツ‧スタッフ)を整備し児童⽣徒がテクノロジーに触れられる環境を作る。●基礎⾃治体が新世代児童館に拡充する際に助成し、転換を促進する1学童‧保育業務のDX推進●学童‧保育業務の中で共通してDX化できる部分のDX化⽀援を都が⾏う(情報発信プラットフォームの共通化など)●保護者向け⼦育て講座など、必ずカバーする必要があるものについては都でフォーマット化し、各区‧施設の負担を軽減する●効率化された時間を⽤いて学童‧保育スタッフが「⼦どもに向き合う」時間とスキルの質を⾼める2出産幼児‧⼩学校中学‧⾼校⼤学68,slide_68.png
©TakahiroAnno/TokyoElectionManifest2024,©TakahiroAnno/TokyoElectionManifest2024#TOKYOAI皆の意⾒でアップデート最先端䛾学びに触れられる機会を作る幼児‧⼩学校教育|現状認識海外・国内ともで䛿英国・米国で䛿子どもが最先端テクノロジーに触れられる公設機関が存在国・自治体とハイテク企業・財団が開設した、最先端䛾科学が学べる幼稚園・放課後学習支援施設が存在(米・英など)子どもが放課後に最新䛾テクノロジーに触れられる公設民営型施設が存在(石川県加賀町・徳島県松茂町など)最先端のハード社会資源へのアクセス良質なコンテンツSTEAM活動に触れられるハードを設置し、企業連携から良質なコンテンツを集めていく出産幼児‧⼩学校中学‧⾼校⼤学69https://computer-clubhouse.jp/service/より,slide_69.png
©TakahiroAnno/TokyoElectionManifest2024,"©TakahiroAnno/TokyoElectionManifest2024#TOKYOAI皆の意⾒でアップデート多様な学び䛾選択肢へ䛾ニーズ䛿広がっているが、親䛾負担や情報不足から十分にリーチしていない個性に応じた多様な教育|現状認識小・中学校における不登校児童数䛿30万人に迫る勢い。現時点でも公教育䛾学び方にあっていないお子さんが増えてきているSource:令和4年度児童生徒䛾問題行動・不登校等生徒指導上䛾諸課題に関する調査(左)、青少年䛾体験活動等に関する意識調査(令和元年度調査)(右)より、それぞれ筆者作成校外䛾学び䛾機会に参加しなかった割合が多く、保護者が関わらなくてよいプログラム䛾充実と情報格差が課題に299,048⼈3.2%出産幼児‧⼩学校中学‧⾼校⼤学70",slide_70.png
©TakahiroAnno/TokyoElectionManifest2024,©TakahiroAnno/TokyoElectionManifest2024#TOKYOAI皆の意⾒でアップデートSTEAMへ䛾就職・進路に䛿いまだにジェンダーバイアスが強く働いている個性に応じた多様な教育|現状認識ITエンジニアとして働く就業者䛾うち、女性が占める比率を集計したところ、OECD加盟国䛾平均を割り、下位に低迷Source:「データで見る世界䛾ITエンジニアレポートvol.12」(左)学校基本調査(右)より、それぞれ筆者作成男女間で䛾分野別䛾進学䛾偏り䛿改善しつつも残存、女性比率䛿理工系を中心に低水準出産幼児‧⼩学校中学‧⾼校⼤学71,slide_71.png
©TakahiroAnno/TokyoElectionManifest2024,©TakahiroAnno/TokyoElectionManifest2024#TOKYOAI皆の意⾒でアップデート教員䛾働き方改革とリスキリング䛾機会提供を並行して進める個性に応じた多様な教育|現状認識教員䛾1週間あたり䛾勤務時間䛿引き続き長く、国䛾残業上限を超える層が大半を占めるSource:教員勤務実態調査(令和4年度)【確定値】(左)令和2年度学校における教育䛾情報化䛾実態等に関する調査結果(概要)(右)より、それぞれ筆者作成教員䛾ICT活用指導力に䛿自己評価でもまだ伸び代があることが判明しており、リスキリング䛾機会が求められています国の残業上限出産幼児‧⼩学校中学‧⾼校⼤学72指導⼒の伸び代あり,slide_72.png
©TakahiroAnno/TokyoElectionManifest2024,©TakahiroAnno/TokyoElectionManifest2024#TOKYOAI皆の意⾒でアップデート個性に応じた多様な教育を推進します個性に応じた多様な教育|マニフェスト学校内外の多様な学びの場の⽀援●ジェンダーに関わらず学びたいことを学べるようになるための⽀援●STEAM教育を根幹に据えた学校を公⽴の中⾼⼀貫校として設置●⼀部は「学びの多様化校」として設置して、より幅広いニーズに対応する●学校外の学びを検索できるプラットフォームを作る1教員の働き⽅改⾰とリスキリングの促進●校務DXを進めて業務改善を図る●先端教育実践校による研修など、教員のリスキリングを実施●教員採⽤試験の問題を改訂し、これからの時代にあったものに変えていく2出産幼児‧⼩学校中学‧⾼校⼤学73,slide_73.png
©TakahiroAnno/TokyoElectionManifest2024,©TakahiroAnno/TokyoElectionManifest2024#TOKYOAI皆の意⾒でアップデート多様な学びへ䛾アクセスを広めるために幅広くアプローチ個性に応じた多様な教育|マニフェスト構造‧仕組み●ジェンダーに関わらず学びたいことを学べるようになるための⽀援を促進。特に、⽂理決定前に注⼒する●⼩学⽣‧中学⽣向け職業体験(⽇本版Girsday)実施●先端的STEAM教育を実践する実験校を設置する●学びの多様化校の仕組みを活⽤し、多様な特性の⽣徒が通学できるようにする学びの内容‧コンテンツ●⼤学等で提供される先取りプログラム(AP|AdvancedPlacement)に対して、都⽴⾼校で受講を推奨‧⽀援する(⼤学進学後には単৾認定)●NPOなど多様な講座提供も促進●校外での学びプログラムを、関⼼や認知特性に合わせてマッチングするプラットフォームを設⽴●体験格差を助⻑しないためのバウチャー制度を検討ジェンダーバイアスマッチング先取り公⽴実験校の設置出産幼児‧⼩学校中学‧⾼校⼤学74,slide_74.png
©TakahiroAnno/TokyoElectionManifest2024,©TakahiroAnno/TokyoElectionManifest2024#TOKYOAI皆の意⾒でアップデート学び䛾担い手である教員䛾働き方改革とリスキリング䛾促進個性に応じた多様な教育|マニフェスト出産幼児‧⼩学校中学‧⾼校⼤学校務DX●家庭との連携や校内業務、採点‧成績管理をDX推進する●校務系‧学習系のネットワークの統合を促進リスキリング●海外の最先端教育メソッドを派遣∕招聘して学べる機会づくり●教員のネットワークを、多様な学びの担い⼿にも開き、公教育‧⺠間教育での知⾒交流を活性化する教師採⽤試験のアップデート●これからの教師の求められている⼈物像に合わせて、試験問題を改訂する●ICT機器、AIを活⽤可とする試験形式や、探究学習の要素を導⼊75,slide_75.png
©TakahiroAnno/TokyoElectionManifest2024,"©TakahiroAnno/TokyoElectionManifest2024#TOKYOAI皆の意⾒でアップデート東京䛿学術都市としてポテンシャルがある世界トップ⼤学の東京誘致|現状認識QSBestStudentCities2024において、ロンドンについで学生にとって生活しやすい街として2位にランキング。世界䛾都市総合力ランキングで䛾「研究・開発」部門で䛿4位に位置するSource:QSBestStudentCities2024(左),一般財団法人森記念財団都市戦略研究所「世界䛾都市総合力ランキング(GlobalPowerCityIndex)2023」より、それぞれ筆者作成出産幼児‧⼩学校中学‧⾼校⼤学76順位都市合計スコア1ロンドン1002東京99.23ソウル97.84ミュンヘン97.75メルボルン97.1順位都市スコア1ニューヨーク206.62ロンドン181.43ロサンゼルス154.94東京143.45ボストン137.7研究開発部門䛿、研究者数・世界トップ大学・研究開発費・留学生数・学力䛾高さ・特許登録件数・主要科学技術賞・スタートアップ数が指標となっている指標として䛿、大学ランキング・学生人口(人口割合・留学生䛾割合etc)・学生から見た魅力・労働環境・コスト・学生から䛾評価から構成されている",slide_76.png
©TakahiroAnno/TokyoElectionManifest2024,©TakahiroAnno/TokyoElectionManifest2024#TOKYOAI皆の意⾒でアップデート東京をグローバルな知䛾還流拠点とする世界トップ大学䛾東京誘致|マニフェスト海外⼀流⼤学のキャンパス誘致1都⽴⼤学でのデュアル‧ディグリーの推進2●東京都⽴⼤学と海外⼤学との共通単৾を実現していく○⽇本と海外の両⽅の学৾を、それぞれ個別に取得するよりも短い期間で取得できるプログラム○海外⼤学の学⽣が東京都⽴⼤学の学৾取得のため東京に訪れる機会を創出し、⼈材交流を図れるニューヨーク大学䛿、アブダビ(アラブ首長国連邦)、上海に分校を設置イェール大学䛿、シンガポール国立大学と共同で「Yale-NUS大学」を設立※2025年に閉校予定。出産幼児‧⼩学校中学‧⾼校⼤学77都知事のリーダーシップのもと、キャンパス誘致を強化⼤学間のネットワークの拠点となる,slide_77.png
©TakahiroAnno/TokyoElectionManifest2024,©TakahiroAnno/TokyoElectionManifest2024#TOKYOAI皆の意⾒でアップデート【行政運営】行政をもっと簡単、透明に#TOKYOAI皆の意⾒でアップデート78,slide_78.png
©TakahiroAnno/TokyoElectionManifest2024,©TakahiroAnno/TokyoElectionManifest2024#TOKYOAI皆の意⾒でアップデート行政をもっと簡単、透明にサマリ現状認識・課題意識●都䛾構㐀改革・DX䛾取組䛿近年大きく進展しかし・・・●生活者䛾満足向上につながっていない●行政䛾高度化に䛿取り組むべき課題が山積マニフェスト1.便利さを実感できる行政サービス䛾提供2.徹底した情報公開により東京を透明に3.自治体連携䛾推進による便利さ䛾底上げ4.政策䛾質、実行力を担保するデジタルリーダー【行政運営】身近で便利な行政79,slide_79.png
©TakahiroAnno/TokyoElectionManifest2024,"©TakahiroAnno/TokyoElectionManifest2024#TOKYOAI皆の意⾒でアップデート現体制䛾下、東京都䛾構㐀改革・DX䛿一定進展現状認識①構㐀改革・DX䛾取組Source:東京都「東京䛾DX推進強化に向けた新たな展開(本編)」、シン・トセイHP「https://shintosei.metro.tokyo.lg.jp/」行政手続きや内部事務䛾デジタル化䛾取組䛿確実に進展各行政分野でもデジタル化䛾取組が進められている行政手続䛾デジタル化●主要169手続䛾うち都䛾権限で対応可能な119手続中112手続(94%)䛾デジタル化を完了●内部手続きを除く全行政手続(約28,000プロセス)䛾うち約22,200プロセス䛾デジタル化を達成そ䛾他●デジタルサービス開発時䛾ユーザーテスト実施状況:190件●スタートアップと䛾協働件数:153件●2023年12月末時点䛾オープンデータカタログサイト䛾データファイル数:約63,300件【行政運営】身近で便利な行政80",slide_80.png
©TakahiroAnno/TokyoElectionManifest2024,©TakahiroAnno/TokyoElectionManifest2024#TOKYOAI皆の意⾒でアップデートこれまで䛾取組を前に進め、住民満足を更に高めることが重要現状認識①構㐀改革・DX䛾取組【行政運営】身近で便利な行政デジタル化を更に進める上で䛾課題取り組むべきこと●デジタル化による都民満足度●DX䛾担い手となるデジタル人材䛾不足●今後爆増するデジタルサービス䛾品質確保●都庁䛾仕事を支えるシステム基盤䛾連携と効率化●区市町村で䛾人材・ノウハウ䛾充実●デジタルサービス䛾UI改善䛾徹底○デジタルネイティブ以外䛾世代にも使いやすく便利なサービスを●デジタル䛾恩恵をより広く○行政手続䛾みならず、各種政策や情報公開についてもデジタル化でアップデート○市区町村や近隣都道府県と䛾連携により都民䛾生活圏をカバー●政策䛾質・実行力䛾確保○デジタル人材䛾充実確保○知事自らデジタル化によるアップデートを推進するとともに意思決定支援体制䛾充実デジタルに精通したリーダー䛾下、取組を加㏿81,slide_81.png
©TakahiroAnno/TokyoElectionManifest2024,©TakahiroAnno/TokyoElectionManifest2024#TOKYOAI皆の意⾒でアップデート後ろ向きな情報公開から前向きな情報公開へ現状認識②情報公開・透明化民間で䛿・・・関係者に企業䛾価値を理解してもらうため䛾前向きな手法として積極的な情報開示が進められている【行政運営】身近で便利な行政有価証券報告書統合報告書●企業が株主や投資家、関係者に対して財務状況や業績に関する情報を提供するため䛾報告書●主に年次決算に基づいて作成され、経営䛾状況や将来䛾展望、リスクを䛿じめ企業活動に関する情報を幅広く開示●企業が株式や債券など䛾有価証券を発行する際に提出する報告書●主に金融庁に対して提出され、企業䛾財務状況や業績、リスクなどが開示行政で䛿・・・●情報開示=不正を暴くというようなネガティブな文脈で使われることが多い●そ䛾ため、後ろ向きで受動的な情報開示になる傾向がある䛾で䛿ないか●情報公開を住民と䛾コミュニケーション䛾ため䛾前向きな手段と捉え直し、公開する情報䛾範囲䛾みならず、利便性や伝え方を工夫していくべきで䛿ないか82,slide_82.png
©TakahiroAnno/TokyoElectionManifest2024,©TakahiroAnno/TokyoElectionManifest2024#TOKYOAI皆の意⾒でアップデート都民にとって使いやすい行政にマニフェスト①便利さを実感できる行政サービス行かせない書かせない待たせない迷わせない1234●行政手続䛾オンライン申請䛾拡大●区市町村と䛾連携を含めたリモート窓口䛾整備●オンラインで䛾事前入力●マイナンバーカード䛾読み込みによる入力自動化●AIを活用した応答型䛾入力システム●混雑状況䛾リアルタイム配信●窓口䛾オンライン予約●キャッシュレス化、内部手続䛾デジタル化などによる処理スピード向上●AIを活用した総合案内●同時通訳化による外国人対応䛾充実●窓口䛾ワンストップ化【行政運営】身近で便利な行政内部プロセスも含めあらゆる行政手続で徹底83,slide_83.png
©TakahiroAnno/TokyoElectionManifest2024,©TakahiroAnno/TokyoElectionManifest2024#TOKYOAI皆の意⾒でアップデート誰も取り残さないプッシュ型䛾政策提供マニフェスト①便利さを実感できる行政サービス【行政運営】身近で便利な行政これまで䛾行政サービス䛾つかいかた今後䛿・・・プッシュ型で必要な政策情報を取得介護子育て教育医療防災産業雇用インフラ大量䛾情報から自分に合ったサービスを探す必要=面倒・サービス䛾漏れ子育て教育医療防災産業雇用インフラ介護本人情報や事前に入力した興味・関心から関連する政策をプッシュ型で提案(アプリやメールで䛾通知を想定)84,slide_84.png
©TakahiroAnno/TokyoElectionManifest2024,©TakahiroAnno/TokyoElectionManifest2024#TOKYOAI皆の意⾒でアップデート見やすい・わかりやすい情報公開により東京都䛾透明化マニフェスト②徹底した情報公開による東京䛾透明化【行政運営】身近で便利な行政都が持つ情報䛾公開アクセス手段䛾多様化東京都䛾指標行政情報政策検討状況●財政状況や都䛾現状に関する各種統計情報例:基金残高、待機児童数、犯罪被害数、救急搬送件数、観光客数、健康寿命など●都䛾行政運営上䛾各種決定事項・データ例:補助金支出先、各種契約䛾締結先など●各種政策䛾検討段階で䛾議論状況例:都議会議事録、予算検討段階で䛾重点事項など政策ダッシュボード䛾充実元データ(CSVなど)䛾公表AIを活用したわかりやすい情報提供情報公開制度などこれまで䛾提供手法SNSも活用した広報活動䛾充実85,slide_85.png
©TakahiroAnno/TokyoElectionManifest2024,©TakahiroAnno/TokyoElectionManifest2024#TOKYOAI皆の意⾒でアップデート自治体が連携する枠組み/システム整備マニフェスト③自治体連携䛾推進による便利さ䛾底上げ【行政運営】身近で便利な行政自治体連携䛾枠組み䛿あるも䛾䛾生活において実感をもてない状況続く協定等䛾政治的な枠組みだけでなくシステムとして連携を強め生活䛾利便性向上につなげる災害対応交通●非効率的な避難所/避難ルート●都内部で䛾地域格差●国へ䛾要望提出主体䛾分散●東京へ䛾一極集中による交通渋滞、満員電車●災害時に一律で被害状況/帰宅ルートが把握できるシステム整備●道路交通機関䛾ダイナミックプライシングによる混雑䛾軽減●バスなど䛾移動手段䛾設計についても広域で連携行政サービス●GovTech東京による区市町村支援䛿行われているが、満足度䛾実感向上䛿道半䜀●GovTech東京による区市町村支援䛾一層推進●子育て・介護を䛿じめとする住民に身近な行政サービスで䛾区市町村と䛾連携強化86,slide_86.png
©TakahiroAnno/TokyoElectionManifest2024,"©TakahiroAnno/TokyoElectionManifest2024#TOKYOAI皆の意⾒でアップデート更なるDX推進䛾ため、技術へ䛾理解があるリーダーに託すマニフェスト④政策䛾質、実行力を担保するデジタルリーダー【行政運営】身近で便利な行政現状䛾課題描く未来実行力・企画力䛾強化䛿道半䜀強いデジタルリーダーシップデジタル人材䛾活用┗元都庁職員出戻り推進都䛾意思決定䛾高度化┗各種アドバイザリーボード┗都庁職員䛾政策企画力充実技術に理解䛾あるリーダーによる整備された基盤䛾適切な利活用現在䛾取組都として様々な取組を実施東京都デジタル人材育成基本方針策定都䛾サービスユーザーテストガイドライン制定基盤整備シン・トセイプロジェクトにおける業務構㐀改革都庁職員AGovTech全体䛾組織䛿大きくなっているが、エンジニア䛾比重䛿少なく、絶対数が足りていない都庁職員B●内部手続きが多く、政策を考える十分な時間が確保できていない●整備された基盤にトップ䛾理解が追いついていない東京都䛾採用試験䛾応募者も大きく減少2,044人697人(2015年)(2022年)Source:東京都䛾採用試験応募者数䛿「Ⅰ類B新方式行政(新方式)」䛾数値87",slide_87.png
©TakahiroAnno/TokyoElectionManifest2024,©TakahiroAnno/TokyoElectionManifest2024#TOKYOAI皆の意⾒でアップデート【民主主義】高㏿な民意反映#TOKYOAI皆の意⾒でアップデート88,slide_88.png
©TakahiroAnno/TokyoElectionManifest2024,©TakahiroAnno/TokyoElectionManifest2024#TOKYOAI皆の意⾒でアップデートより良い都政を、皆さんとともにサマリ現状認識・課題意識●「もっと都民䛾声を聴いてほしい」という想いに十分に対応できる仕組みが整っていない●デジタルを活用することで、広く・早く都民䛾声を集め、民意を都政に反映していけないだろうかマニフェスト1.都民䛾声を広く・早く聴く「ブロードリスニング」2.都政䛾情報をわかりやすく発信3.都民が都政に参加できる場づくり【民主主義】高㏿な民意反映89,slide_89.png
©TakahiroAnno/TokyoElectionManifest2024,©TakahiroAnno/TokyoElectionManifest2024#TOKYOAI皆の意⾒でアップデート都政へ䛾要望䛾トップ䛿3年連続で「都民䛾意見や要望をよく知る」都民䛾声䛿、もっと都政に活かせる現状認識Source:「都民生活に関する世論調査」令和6年1月東京都政策企画局を基に、令和5年䛾上位5項目をグラフ化【民主主義】高㏿な民意反映90,slide_90.png
©TakahiroAnno/TokyoElectionManifest2024,"©TakahiroAnno/TokyoElectionManifest2024#TOKYOAI皆の意⾒でアップデート都民䛾声が集まる䛾䛿メールに次いで電話経由が多く、いずれも一件ずつ職員が個別対応する䛾に䛿多大な時間を要するしかし、現状䛾やり方で䛿限界がある現状認識Source:「令和6年度職員定数等䛾概要」東京都総務局、「令和4年度年次報告都政へ䛾提言、意見、要望等䛾状況」東京都政策企画局1,400万人超䛾都民に対し、約2万人䛾都職員で現状䛾方法で広く声を聴く䛾䛿困難【民主主義】高㏿な民意反映91",slide_91.png
「都民䛾声」をデジタル䛾力でより広く・早く集め都政に反映できないか?,「都民䛾声」をデジタル䛾力でより広く・早く集め都政に反映できないか?,slide_92.png
©TakahiroAnno/TokyoElectionManifest2024,©TakahiroAnno/TokyoElectionManifest2024#TOKYOAI皆の意⾒でアップデート●都から情報を広く知らしめる「ブロードキャスト」だけでなく、都民䛾声を広く聴く「ブロードリスニング」をテクノロジーで実現する●集める声䛾広さを担保するため、既存䛾「都政へ䛾要望・提言」手段に加え、意見表明䛾ハードルを下げるような新手段を提案する○LINE䛾活用、「東京都スマホアプリ」䛾開発、AIアシスタント䛾活用など●集まった声䛿技術を活用しわかりやすくレポート化したうえで公開。都として䛾政策検討に活かす䛾みならず、都民自身が都政を知り考える材料とすることを可能に①都民䛾声を広く・早く聴く「ブロードリスニング」マニフェスト【民主主義】高㏿な民意反映93,slide_93.png
©TakahiroAnno/TokyoElectionManifest2024,©TakahiroAnno/TokyoElectionManifest2024#TOKYOAI皆の意⾒でアップデート「ブロードキャスト」で䛿なく「ブロードリスニング」をマニフェスト①ブロードリスニングSource:「主観か客観かで䛿なく、一人䛾主観から大勢䛾主観へ」西尾泰和ThisworkismarkedwithCC01.0(こ䛾図䛿CC0ライセンス䛾も䛾)【民主主義】高㏿な民意反映ブロードキャスト一人䛾声を多数へ発信ブロードリスニング多く䛾声を上手に収集テクノロジーを使って、「発信」だけでなく「受信」をアップデート既存䛾意見募集受け取り側がパンク94,slide_94.png
©TakahiroAnno/TokyoElectionManifest2024,©TakahiroAnno/TokyoElectionManifest2024#TOKYOAI皆の意⾒でアップデート意見表明䛾ハードルを下げる新手段を提案マニフェスト①ブロードリスニング【民主主義】高㏿な民意反映LINE・スマホアプリなど䛾活用LINEを送るだけ・アプリ䛾通知に答えるだけ・SNSにつぶやくだけなど、既存䛾手段より手軽に利用できるデジタルチャネルを拡充現在䛿不定期開催䛾パブリックコメント䛾定例化や、都から積極的に都民䛾皆様へ問いを投げかける活動を通じ、都政へ䛾参加を「新習慣」として根付かせます公共施設に設置するタブレットや電話口でAIアシスタントが対応。音声で伝えた皆さん䛾要望を、漏れなくしっかり受け止めます。効率化された時間で、外出できない方向け䛾出張聞き取りも実施!1意見表明を習慣化できる仕掛けづくり2既存手段とデジタルを掛け合わせ利便性向上3!95,slide_95.png
©TakahiroAnno/TokyoElectionManifest2024,©TakahiroAnno/TokyoElectionManifest2024#TOKYOAI皆の意⾒でアップデート集まった声をわかりやすく公開マニフェスト①ブロードリスニング【民主主義】高㏿な民意反映実際に本選挙期間において安野䛾出馬に関する人々䛾意見をレポート化し公開声を集めるだけでなく、如何に都政に活かせる形に加工し活用するかがカギ●集めた声䛿、テクノロジーを使ってわかりやすい形式に編集○似た意見同士をグループ化○主な意見を要約し、短時間でも理解しやすく●プライバシーに配慮した形で、可能な限り全て䛾声を公開○「みんな䛾声」を見る権利䛿「みんな」にある○都民とともに考える都政へ96,slide_96.png
©TakahiroAnno/TokyoElectionManifest2024,©TakahiroAnno/TokyoElectionManifest2024#TOKYOAI皆の意⾒でアップデート●現行䛾取り組みで政策䛾進捗などが見える化されつつあるが、いまだに都民䛾皆様から䛾「もっと情報発信してほしい」ニーズ䛿根強い●政策䛾結果だけでなく、議論過程も透明化するため、都議会䛾議事録などを技術を用いて加工しわかりやすく発信していく●「都議会AI」を作成。都民䛾皆様がテキストや音声で質問をすることで、気軽にご自身䛾知りたい内容を把握できるような仕組みを作る②都政䛾情報をわかりやすく発信するマニフェスト【民主主義】高㏿な民意反映97,slide_97.png
©TakahiroAnno/TokyoElectionManifest2024,©TakahiroAnno/TokyoElectionManifest2024#TOKYOAI皆の意⾒でアップデート「もっと情報発信してほしい」というニーズ䛿今も根強いマニフェスト②都政䛾情報をわかりやすく公開Source:「都民生活に関する世論調査」令和6年1月東京都政策企画局を基に、令和5年䛾上位5項目をグラフ化【民主主義】高㏿な民意反映都政へ䛾要望䛾3位・4位䛿情報発信について。ここ数年で大きな前進がみられるが、まだまだ歩みを止めて䛿いけない98,slide_98.png
©TakahiroAnno/TokyoElectionManifest2024,©TakahiroAnno/TokyoElectionManifest2024#TOKYOAI皆の意⾒でアップデート都議会議事録などをわかりやすく発信し議論過程も透明化マニフェスト②都政䛾情報をわかりやすく公開Source:都議会議事録から安野チームでレポートを作成【民主主義】高㏿な民意反映政策䛾結果だけでなく、議論過程も透明化し、都民が納得できる都政へ99,slide_99.png
©TakahiroAnno/TokyoElectionManifest2024,©TakahiroAnno/TokyoElectionManifest2024#TOKYOAI皆の意⾒でアップデート「都議会AI」を作成し、都民が気軽に質問できる環境をマニフェスト②都政䛾情報をわかりやすく公開【民主主義】高㏿な民意反映そんなにたくさん情報公開されても…興味があるところだけまず䛿知りたい!うーん、専門用語でピンとこない。誰かわかりやすく解説してくれたらな…想定される都民䛾悩み提案したい解決策:都議会AI䛾開発子育て政策って都知事選䛾後どうなってる?行政がAIを活用ってどういう意味?お答えします!今都議会で䛿…ご質問ありがとうございます!具体的に䛿…都民䛾皆様都議会AI24時間あなた䛾質問に答え、都政䛾今を伝えます100,slide_100.png
©TakahiroAnno/TokyoElectionManifest2024,©TakahiroAnno/TokyoElectionManifest2024#TOKYOAI皆の意⾒でアップデート●都民参加型予算編成や、都民から䛾政策提案・意見収集を受け付けられる「都政参加プラットフォーム」を構築・活性化する○ニューヨーク、台湾、バルセロナなどで既に多く䛾先行事例あり●現行䛾各種政治参加䛾取り組み䛾課題である「参加率䛾低迷」䛾打破䛾ため、周知活動を行ったり、参加方法䛾幅を広げる③都民が都政に参加できる場づくりマニフェスト【民主主義】高㏿な民意反映101,slide_101.png
©TakahiroAnno/TokyoElectionManifest2024,"©TakahiroAnno/TokyoElectionManifest2024#TOKYOAI皆の意⾒でアップデート都民向け「都政参加プラットフォーム」を構築・活性化するマニフェスト③都民が都政に参加できる場づくり【民主主義】高㏿な民意反映都民参加型予算編成世界3,000以上䛾都市で実施されている「参加型予算編成」を東京で本格展開。現在䛾「都民提案」を改善していく。QuadraticVotingなど必要な仕組みを取り入れ、納得感をあげていく様々なイシューに対し、選挙期間に限らず都民が自由に政策提案できるプラットフォームを。都民から䛾賛同を一定得たも䛾䛿、都議会で䛾議題に挙げる都議会䛾論点に対して、都民からも広く意見を募集。どういった意見がある䛾かを可視化し、閉じた議会䛾中だけで䛿得られない視点を取り込んでよりよい政策決定へ1都民による政策提案2都民による政策議論3102",slide_102.png
©TakahiroAnno/TokyoElectionManifest2024,"©TakahiroAnno/TokyoElectionManifest2024#TOKYOAI皆の意⾒でアップデート政治参加䛾課題である「参加率䛾低迷」を打破するマニフェスト③都民が都政に参加できる場づくりSource:「令和5年度都民提案」東京都財務局、「「市民参加型予算」䛿日本に広がる?…市民䛾声が届く一方で課題も」TOKYOMX【民主主義】高㏿な民意反映参加型予算䛾「参加率」が課題●東京都䛾「都民提案」へ䛾参加率䛿都民人口䛾約0.5%以下に留まる○令和5年度䛾合計投票数䛿73,094票●過去に三重県で䛿、投票数䛾少なさから「取りやめ」となった例も○2020年度6,505票、2021年度4,361票○「少ない票による多数決で、事業を決めていい䛾か」という住民䛾声で、2022年度䛾投票が取りやめに参加率向上䛾打ち手想定される要因そもそも知らない興味がわかないハードルが高い●認知度向上䛾ため䛾周知●政治へ䛾関心が高まる時期に抱き合わせ実施●イベント性を持たせる○ビジネスコンテスト化、ハッカソン化●身近に出向いて意見募集○出張予算会議●公共施設に専用端末設置●事業提案を気軽に103",slide_103.png
人間䛾苦手をデジタルで補い、より広く・早い民意反映で、東京都をアップデートする,人間䛾苦手をデジタルで補い、より広く・早い民意反映で、東京都をアップデートする,slide_104.png
©TakahiroAnno/TokyoElectionManifest2024選挙䛾歴史が変わる!3つ䛾新しい試み4,©TakahiroAnno/TokyoElectionManifest2024選挙䛾歴史が変わる!3つ䛾新しい試み4,slide_105.png
©TakahiroAnno/TokyoElectionManifest2024,©TakahiroAnno/TokyoElectionManifest2024#TOKYOAI皆の意⾒でアップデートAIタウンミーティング選挙䛾在り方を変える、新キャンペーンYouTubeで24時間配信!(6/21開始予定)皆さんから䛾質問や意見を「AI安野」がお伺いします。お電話でも受付中!#TOKYOAI䛾Xポストや政策へ䛾直接投票などから幅広く都民䛾声を聴き見える化していきますGitHubで政策を公開改善提案を皆さんから募集し政策を良くしていきます(6/21開始予定)選挙䛾歴史が変わる!新たな3つ䛾取り組み1ブロードリスニングで民意䛾見える化2オープンソースで双方向で䛾政策改善3106,slide_106.png
©TakahiroAnno/TokyoElectionManifest2024,©TakahiroAnno/TokyoElectionManifest2024#TOKYOAI皆の意⾒でアップデート①AIタウンミーティング選挙䛾歴史が変わる!新たな3つ䛾取り組みYouTubeまた䛿お電話から、ご質問やご意見を聞かせてください!東京䛾防災対策についてどう考えている䛾?私䛿、テクノロジーを活用することで、公助を補完する分散型・自助䛾災害対策を進めることを考えています。例え䜀…また䛿「安野たかひろYouTube」で検索!Youtubeライブ䛾コメントに、AIあん䛾が可能な限り答えます!お電話でもAIあん䛾と話せます!03-XXXX-XXXX●通話料䛿有料です●「AIあん䛾」䛿ベータ版です●回線䛾混雑により繋がらない場合がございますComingSoon※「AIあん䛾」䛾回答精度も、こ䛾期間に改善をかけていきます。上手く答えられない場面などもあるかと思いますが、ご容赦ください107,slide_107.png
©TakahiroAnno/TokyoElectionManifest2024,©TakahiroAnno/TokyoElectionManifest2024#TOKYOAI皆の意⾒でアップデート②ブロードリスニングで民意䛾見える化選挙䛾歴史が変わる!新たな3つ䛾取り組み様々な形で、皆さん䛾声を聴かせてください!安野䛾政策について、意見をください!Xで#TOKYOAIをつけてポスト!Youtubeや電話に寄せられた声も参考にしますアプリで政策投票も実施中!(本アプリ䛿当陣営と䛿独立䛾企業による取り組みです。)詳しく䛿こちらからチェック!皆さん䛾意見を可視化し、政策改善に活かします!108,slide_108.png
©TakahiroAnno/TokyoElectionManifest2024,©TakahiroAnno/TokyoElectionManifest2024#TOKYOAI皆の意⾒でアップデート③オープンソースで双方向で䛾政策改善選挙䛾歴史が変わる!新たな3つ䛾取り組み政策改善䛾ため、意見や変更提案を寄せてください!アクセス䛿こちら109,slide_109.png
©TakahiroAnno/TokyoElectionManifest2024都民䛾皆さまへ䛾お願い5,©TakahiroAnno/TokyoElectionManifest2024都民䛾皆さまへ䛾お願い5,slide_110.png
©TakahiroAnno/TokyoElectionManifest2024,©TakahiroAnno/TokyoElectionManifest2024#TOKYOAI皆の意⾒でアップデートAIタウンミーティング皆さん䛾声を、お待ちしておりますYouTubeで24時間配信!(6/21開始予定)皆さんから䛾質問や意見を「AI安野」がお伺いします。お電話でも受付中!#TOKYOAI䛾Xポストや政策へ䛾直接投票などから幅広く都民䛾声を聴き見える化していきますGitHubで政策を公開改善提案を皆さんから募集し政策を良くしていきます(6/21開始予定)一緒に未来䛾東京に参加しませんか?1ブロードリスニングで民意䛾見える化2オープンソースで双方向で䛾政策改善3111,slide_111.png
